<manifest alg="2" build="2018.1.1.386" opt="false" iceEnabled="true" iceMarkupVersion="2" iceEnabledOptions="link,responsive,cachebuster,textStyling" exportTarget="other" domain="google.com" resolutions="1x" timestamp="1598442584452">
  <folder name="css">
    <file name="site_global.css" crc="306501121"/>
    <file name="thx.css" crc="321318086" ref="thx"/>
    <file name="index.css" crc="4177054644" ref="index"/>
  </folder>
  <folder name="scripts">
    <file name="jquery-1.8.3.min.js" crc="209076791" ref="index:thx"/>
    <file name="museutils.js" crc="3939489907" ref="index:thx"/>
    <file name="whatinput.js" crc="86476730" ref="index:thx"/>
    <file name="museconfig.js" crc="3936894949" ref="index:thx"/>
    <file name="jquery.watch.js" crc="522499760" ref="index:thx"/>
    <file name="webpro.js" crc="3856315280" ref="index"/>
    <file name="form_check.php" crc="4108222811" ref="index"/>
    <file name="form_throttle.php" crc="503802655" ref="index"/>
    <file name="form_process.php" crc="260214869" ref="index"/>
    <file name="form-u1412.php" crc="4119619744" ref="index"/>
    <file name="require.js" crc="4177726516" ref="index:thx"/>
  </folder>
  <folder name="images">
    <file name="3.jpg" crc="4125559209" seo="true" ref="index">
      <caption webpage="index" alt=""/>
    </file>
    <file name="4.jpg" crc="3975734393" seo="true" ref="index">
      <caption webpage="index" alt=""/>
    </file>
    <file name="90521.png" crc="4240745367" seo="true" ref="thx">
      <caption webpage="thx" alt=""/>
    </file>
  </folder>
  <file name="index.html" crc="4277078015" seo="true" mt="1598442511924" redirect="true"/>
  <file name="thx.html" crc="4272186281" seo="true" mt="1586277385541" redirect="true"/>
</manifest>